{
  "extends": "tslint:latest",
  "rules": {
    "member-ordering": [true, { "order": [
      "public-static-field",
      "protected-static-field",
      "private-static-field",
      "public-static-method",
      "protected-static-method",
      "private-static-method",
      "public-instance-field",
      "protected-instance-field",
      "private-instance-field",
      "constructor",
      "public-instance-method",
      "protected-instance-method",
      "private-instance-method"
    ] }],
    "no-internal-module": true,
    "no-reference": true,
    "typedef-whitespace": [
      true,
      {
        "call-signature": "nospace",
        "index-signature": "nospace",
        "parameter": "nospace",
        "property-declaration": "nospace",
        "variable-declaration": "nospace"
      },
      {
        "call-signature": "onespace",
        "index-signature": "onespace",
        "parameter": "onespace",
        "property-declaration": "onespace",
        "variable-declaration": "onespace"
      }
    ],
    "prefer-for-of": true,
    "curly": true,
    "forin": true,
    "label-position": true,
    "max-classes-per-file": [
      false
    ],
    "array-type": [false],
    "no-arg": true,
    "no-conditional-assignment": true,
    "no-construct": true,
    "no-empty": true,
    "no-unsafe-finally": true,
    "no-unused-expression": true,
    "no-unused-new": true,
    "no-var-keyword": true,
    "radix": true,
    "triple-equals": true,
    "use-isnan": true,
    "eofline": true,
    "indent": [true, "spaces"],
    "interface-name": [
      false
    ],
    "quotemark": [
      false
    ],
    "linebreak-style": [true, "LF"],
    "no-require-imports": false,
    "no-var-requires": false,
    "no-trailing-whitespace": true,
    "class-name": true,
    "comment-format": [true, "check-space"],
    "jsdoc-format": true,
    "new-parens": true,
    "one-line": [true, "check-catch", "check-finally", "check-else", "check-open-brace", "check-whitespace"],
    "semicolon": [true, "always"],
    "variable-name": [true, "ban-keywords", "check-format", "allow-leading-underscore", "allow-pascal-case"],
    "whitespace": [true, "check-branch", "check-decl", "check-operator", "check-module", "check-separator", "check-typecast"],
    "max-line-length": [
      false
    ],
    "no-string-literal": false,
    "no-bitwise": false,
    "trailing-comma": [false],
    "object-literal-sort-keys": false,
    "ordered-imports": [false],
    "one-variable-per-declaration": [false],
    "no-shadowed-variable": false,
    "switch-default": false,
    "only-arrow-functions": [false],
    "object-literal-shorthand": false,
    "no-use-before-declare": false,
    "no-angle-bracket-type-assertion": false,
    "unified-signatures": false,
    "ban-types": [true,
        ["Object", "Avoid using the `Object` type. Did you mean `object`?"],
        ["Boolean", "Avoid using the `Boolean` type. Did you mean `boolean`?"],
        ["Number", "Avoid using the `Number` type. Did you mean `number`?"],
        ["String", "Avoid using the `String` type. Did you mean `string`?"],
        ["Symbol", "Avoid using the `Symbol` type. Did you mean `symbol`?"]
      ]
  },
  "rulesDirectory": []
}
